INSERT INTO __EFMigrationsHistory (MigrationId,ProductVersion) VALUES ('20250228054735_Initial','9.0.2');
INSERT INTO __EFMigrationsHistory (MigrationId,ProductVersion) VALUES ('20250301064213_UpdateReview','9.0.2');
INSERT INTO __EFMigrationsHistory (MigrationId,ProductVersion) VALUES ('20250301075925_Creo Fecha para Reviews','9.0.2');
INSERT INTO __EFMigrationsHistory (MigrationId,ProductVersion) VALUES ('20250302234811_Relacion Many To Many','9.0.2');
INSERT INTO __EFMigrationsHistory (MigrationId,ProductVersion) VALUES ('20250302235600_Relation Updated','9.0.2');
INSERT INTO __EFMigrationsHistory (MigrationId,ProductVersion) VALUES ('20250303003136_update','9.0.2');
INSERT INTO __EFMigrationsHistory (MigrationId,ProductVersion) VALUES ('20250303043716_Create Notifications','9.0.2');
INSERT INTO __EFMigrationsHistory (MigrationId,ProductVersion) VALUES ('20250303064830_Notificaitons','9.0.2');
INSERT INTO __EFMigrationsHistory (MigrationId,ProductVersion) VALUES ('20250309211758_State Accepted Order','9.0.2');
INSERT INTO __EFMigrationsHistory (MigrationId,ProductVersion) VALUES ('20250312001351_Add OrderId to Notis','9.0.2');
INSERT INTO __EFMigrationsHistory (MigrationId,ProductVersion) VALUES ('20250320204033_CleanupService','9.0.2');
INSERT INTO __EFMigrationsHistory (MigrationId,ProductVersion) VALUES ('20250320205307_Adding DeleteCascade','9.0.2');
INSERT INTO AspNetRoles (Id,Name,NormalizedName,ConcurrencyStamp) VALUES ('0d31dd41-abf0-45ce-9ab2-6578c443f3c5','Customer','CUSTOMER',NULL);
INSERT INTO AspNetRoles (Id,Name,NormalizedName,ConcurrencyStamp) VALUES ('4247932a-376d-4925-bd4b-97f4e6350da3','Admin','ADMIN',NULL);
INSERT INTO AspNetUsers (Id,GamerTag,ProfileImageUrl,UserName,NormalizedUserName,Email,NormalizedEmail,EmailConfirmed,PasswordHash,SecurityStamp,ConcurrencyStamp,PhoneNumber,PhoneNumberConfirmed,TwoFactorEnabled,LockoutEnd,LockoutEnabled,AccessFailedCount,LastLogin) VALUES ('3a706f13-a8ed-4d13-a5d0-b224852301b2','Davisito','\images\238d6d36-e25e-45db-970b-393164297123.jpg','orregod091@gmail.com','ORREGOD091@GMAIL.COM','orregod091@gmail.com','ORREGOD091@GMAIL.COM','False','AQAAAAIAAYagAAAAEM7jC5oMGhiEmG5A2/G77n7B3wvuyFg3rceyMIJ0XywhSYB+RZj6rsWQFOag6hbpuw==','GDZMOZH74M47QWUB3FIASK22JYL3JYIL','560927a0-7b2b-47a2-90b1-94167acb212d',NULL,'False','False',NULL,'True','0','4/4/2025 11:09:21 AM');
INSERT INTO AspNetUsers (Id,GamerTag,ProfileImageUrl,UserName,NormalizedUserName,Email,NormalizedEmail,EmailConfirmed,PasswordHash,SecurityStamp,ConcurrencyStamp,PhoneNumber,PhoneNumberConfirmed,TwoFactorEnabled,LockoutEnd,LockoutEnabled,AccessFailedCount,LastLogin) VALUES ('435c1f04-c35f-4a62-903f-cb72898db4c0','Harold','\images\abda0d82-0a56-4118-8c2b-b82b7dadc6d7.jpg','harold@gmail.com','HAROLD@GMAIL.COM','harold@gmail.com','HAROLD@GMAIL.COM','False','AQAAAAIAAYagAAAAED5pO1T3pzHmoQKOJvtyb9g6z0Ew0l34dnmznLRTFpa445UikmkvSGtxLfcsfamKBA==','VDBEZGMLIFGDPT5MEP5E3GLIXPIHQGDC','b46fc04d-59e3-445b-b04d-5011eb53b9df',NULL,'False','False',NULL,'True','0','4/19/2025 6:10:25 PM');
INSERT INTO AspNetUsers (Id,GamerTag,ProfileImageUrl,UserName,NormalizedUserName,Email,NormalizedEmail,EmailConfirmed,PasswordHash,SecurityStamp,ConcurrencyStamp,PhoneNumber,PhoneNumberConfirmed,TwoFactorEnabled,LockoutEnd,LockoutEnabled,AccessFailedCount,LastLogin) VALUES ('7f48168c-3daf-4e1f-97b6-21509849cec4','Amorcito','','mk@gmail.com','MK@GMAIL.COM','mk@gmail.com','MK@GMAIL.COM','False','AQAAAAIAAYagAAAAEDMJbPKs1CxMM0G4a31Mz5yrEzfZE/HnW4UMfD1dT8It019VJPTmBvrPBLAiPdb9eQ==','JEG7GMJTR7VPOWO53H2UUXCMGHBAXR5V','cfd91e0d-15e8-4ef5-8cc3-14ceae6b24a3',NULL,'False','False',NULL,'True','0','4/19/2025 5:40:23 PM');
INSERT INTO AspNetUsers (Id,GamerTag,ProfileImageUrl,UserName,NormalizedUserName,Email,NormalizedEmail,EmailConfirmed,PasswordHash,SecurityStamp,ConcurrencyStamp,PhoneNumber,PhoneNumberConfirmed,TwoFactorEnabled,LockoutEnd,LockoutEnabled,AccessFailedCount,LastLogin) VALUES ('a261da92-75a4-4d8c-8180-853048881253','ElBrujo','\images\0439fe6c-a7df-48f7-b3f6-0ba032820ac5.jpg','dani@gmail.com','DANI@GMAIL.COM','dani@gmail.com','DANI@GMAIL.COM','False','AQAAAAIAAYagAAAAECsvbPiUdfwW3hyct5Rb+/GZPGTF7t1ItWBR0b5tHS7cVbmZCpFkJz2E1nNdi4Vcrw==','LABYUMD6SQIEQD2XYPOYEG5Q5MGILDQC','3c020ec2-7862-42fc-8171-232083b99e93',NULL,'False','False',NULL,'True','0','4/19/2025 6:08:20 PM');
INSERT INTO AspNetUsers (Id,GamerTag,ProfileImageUrl,UserName,NormalizedUserName,Email,NormalizedEmail,EmailConfirmed,PasswordHash,SecurityStamp,ConcurrencyStamp,PhoneNumber,PhoneNumberConfirmed,TwoFactorEnabled,LockoutEnd,LockoutEnabled,AccessFailedCount,LastLogin) VALUES ('e1df4dd9-f7a2-434f-819b-802c0f888085','Davisito','\images\067d5a53-bcbf-4224-9822-da903d49a6ae.jpg','orregosdasd@gmail.com','ORREGOSDASD@GMAIL.COM','orregosdasd@gmail.com','ORREGOSDASD@GMAIL.COM','False','AQAAAAIAAYagAAAAEO5SpzHislh1wfHzL8kAwPKoITqAGt4WKph8lm9AI//94wGUkNFwKTFZ8+ged2hvXA==','4MD6GSL2MDETR7UKSISWSOHPKDCTAD7J','e7a9a60a-92fb-4991-aeec-70da576dfa70',NULL,'False','False',NULL,'True','0','4/19/2025 5:41:47 PM');
INSERT INTO AspNetUsers (Id,GamerTag,ProfileImageUrl,UserName,NormalizedUserName,Email,NormalizedEmail,EmailConfirmed,PasswordHash,SecurityStamp,ConcurrencyStamp,PhoneNumber,PhoneNumberConfirmed,TwoFactorEnabled,LockoutEnd,LockoutEnabled,AccessFailedCount,LastLogin) VALUES ('fbc1eb10-4c1a-444d-aae5-5359b62faa5d','AmorcitonRicon','\images\d6944a0a-dcb3-4fd9-a9d5-35c901489e79.jpg','paul@gmail.com','PAUL@GMAIL.COM','paul@gmail.com','PAUL@GMAIL.COM','False','AQAAAAIAAYagAAAAEPDBM3qX+FEJBQ2sz8Fn1+2IAy7R09aW9miHDKiuwJKr4sXWd10MgHPYYXLPW8gXoQ==','CWB24HFFQP3J5344CEMVVOTATGFNCQXW','b0071a0c-a58d-4caf-a2cd-b511d7ae0073',NULL,'False','False',NULL,'True','0','4/19/2025 6:09:40 PM');
INSERT INTO Genres (GenreId,Name) VALUES ('1','Stealth');
INSERT INTO Genres (GenreId,Name) VALUES ('2','RPG');
INSERT INTO Genres (GenreId,Name) VALUES ('3','Strategy');
INSERT INTO Genres (GenreId,Name) VALUES ('4','Role');
INSERT INTO AspNetUserRoles (UserId,RoleId) VALUES ('3a706f13-a8ed-4d13-a5d0-b224852301b2','0d31dd41-abf0-45ce-9ab2-6578c443f3c5');
INSERT INTO AspNetUserRoles (UserId,RoleId) VALUES ('7f48168c-3daf-4e1f-97b6-21509849cec4','0d31dd41-abf0-45ce-9ab2-6578c443f3c5');
INSERT INTO AspNetUserRoles (UserId,RoleId) VALUES ('fbc1eb10-4c1a-444d-aae5-5359b62faa5d','0d31dd41-abf0-45ce-9ab2-6578c443f3c5');
INSERT INTO AspNetUserRoles (UserId,RoleId) VALUES ('435c1f04-c35f-4a62-903f-cb72898db4c0','4247932a-376d-4925-bd4b-97f4e6350da3');
INSERT INTO AspNetUserRoles (UserId,RoleId) VALUES ('a261da92-75a4-4d8c-8180-853048881253','4247932a-376d-4925-bd4b-97f4e6350da3');
INSERT INTO AspNetUserRoles (UserId,RoleId) VALUES ('e1df4dd9-f7a2-434f-819b-802c0f888085','4247932a-376d-4925-bd4b-97f4e6350da3');
INSERT INTO VideoGames (VideoGameId,Name,Description,ReleaseDate,Stock,ImageUrl,Popularity,Desarrollador,Price,GenreId) VALUES ('1','The Last of Us 1','The Last of Us Part 1 es un videojuego de terror de acción y aventura de disparos en tercera persona de 2013 desarrollado por Naughty Dog y publicado por Sony Interactive Entertainment.','10/9/2013 12:00:00 AM','0','\images\3c306592-866c-4161-af53-97268d7c600d.jfif','10','Naughty Dog','30.99','1');
INSERT INTO VideoGames (VideoGameId,Name,Description,ReleaseDate,Stock,ImageUrl,Popularity,Desarrollador,Price,GenreId) VALUES ('2','God of War','God of War es una franquicia de videojuegos de acción y aventura creada por David Jaffe desarrollada por Santa Monica Studio de Sony. Comenzó en 2005 en la consola de videojuegos PlayStation 2 y se ha convertido en una serie insignia para PlayStation, compuesta por nueve entregas en múltiples plataformas.','1/1/2018 12:00:00 AM','7','\images\df7d1a29-49c2-47f9-b68f-7cf1621fc071.webp','16','Santa Monica Studio','45.50','4');
INSERT INTO VideoGames (VideoGameId,Name,Description,ReleaseDate,Stock,ImageUrl,Popularity,Desarrollador,Price,GenreId) VALUES ('3','Ghost of tsushima','Ghost of Tsushima es un videojuego de acción-aventura desarrollado por Sucker Punch Productions y publicado por Sony Interactive Entertainment para PlayStation 4 y PlayStation 5.','6/9/2021 12:00:00 AM','0','\images\cb8726f7-4ea0-42d5-85a9-4d82726d3e6d.webp','7','Punch Productions','67.89','2');
INSERT INTO VideoGames (VideoGameId,Name,Description,ReleaseDate,Stock,ImageUrl,Popularity,Desarrollador,Price,GenreId) VALUES ('4','The witcher 3','The Witcher 3: Wild Hunt es un videojuego de rol desarrollado y publicado por la compañía polaca CD Projekt RED. Esta compañía es la desarrolladora mientras que la distribución corre a cargo de la Warner Bros. Interactive, en el caso de Norteamérica y Bandai Namco para Europa.','1/5/2015 12:00:00 AM','0','\images\198aec7c-0f21-46d7-9289-c7c387e17acc.webp','14','CD Projekt RED','25.55','4');
INSERT INTO VideoGames (VideoGameId,Name,Description,ReleaseDate,Stock,ImageUrl,Popularity,Desarrollador,Price,GenreId) VALUES ('5','Horizon Zero Down','Horizon Zero Dawn es un videojuego de acción, aventura y de mundo abierto desarrollado por Guerrilla Games y distribuido por Sony Interactive Entertainment para PlayStation 4 y Microsoft Windows.','7/23/2019 12:00:00 AM','10','\images\a4f5e324-d9a4-43a4-934e-c2d6d10c3751.jpg','9','Guerrilla Games','43.23','4');
INSERT INTO VideoGames (VideoGameId,Name,Description,ReleaseDate,Stock,ImageUrl,Popularity,Desarrollador,Price,GenreId) VALUES ('6','Read Dead Redemption 2','Red Dead Redemption 2 es un videojuego de acción-aventura de mundo abierto desarrollado y publicado por Rockstar Games. El juego es la tercera entrada de la serie Red Dead y una precuela del juego Red Dead Redemption de 2010.','5/23/2018 12:00:00 AM','1','\images\1610dabd-625a-417c-9494-5a438c5412b1.jpg','11','Rockstar','60.27','4');
INSERT INTO VideoGames (VideoGameId,Name,Description,ReleaseDate,Stock,ImageUrl,Popularity,Desarrollador,Price,GenreId) VALUES ('7','Dota 2','Dota 2 (En español Defensa de los Ancestros 2) es un videojuego perteneciente al género de Arena de batalla en línea ARTS («estrategia de acción en tiempo real»), también conocido en inglés como MOBA, fue lanzado el 9 de julio del año 2013. El juego fue desarrollado por la empresa Valve Corporation.','7/9/2013 12:00:00 AM','0','\images\e1504044-ffd7-4945-8a0e-65f8b475ad09.jpg','0','Valve','10.99','3');
INSERT INTO VideoGames (VideoGameId,Name,Description,ReleaseDate,Stock,ImageUrl,Popularity,Desarrollador,Price,GenreId) VALUES ('8','Star Wars Jedi: La Orden caída ','Star Wars Jedi: Fallen Order, traducido en algunas tiendas digitales como Star Wars Jedi: La Orden caída, es un videojuego de acción y aventura para un solo jugador desarrollado por Respawn Entertainment y publicado por Electronic Arts, ambientado en el universo de Star Wars.','8/6/2022 12:00:00 AM','28','\images\596d23a0-eebc-41d2-9b1b-423f38617231.webp','6','EA','56.23','4');
INSERT INTO VideoGames (VideoGameId,Name,Description,ReleaseDate,Stock,ImageUrl,Popularity,Desarrollador,Price,GenreId) VALUES ('9','Clash of clans','Clash of Clans, también conocido como CoC, es un videojuego de estrategia y de construcción de aldeas en línea, para dispositivos móviles con plataformas de iOS y Android. Fue desarrollado por Supercell y lanzado para dispositivos iOS el 2 de agosto del 2012, y el 8 de octubre para dispositivos Android.​','8/2/2012 12:00:00 AM','5','\images\9cf26be6-6377-4985-b018-229de785d9eb.png','0','Supercell','5.22','3');
INSERT INTO VideoGames (VideoGameId,Name,Description,ReleaseDate,Stock,ImageUrl,Popularity,Desarrollador,Price,GenreId) VALUES ('10','Assassin''s Creed Shadows','Assassin''s Creed Shadows es un próximo videojuego de rol de acción desarrollado por Ubisoft Quebec y publicado por Ubisoft, que se lanzará el 20 de marzo de 2025 para PlayStation 5, PlayStation 4, Windows, macOS y Xbox Series X/S.','3/20/2025 12:00:00 AM','13','\images\26ccf0eb-800f-4876-b7a8-735604f801e8.webp','0','Ubisoft','66.21','1');
INSERT INTO VideoGames (VideoGameId,Name,Description,ReleaseDate,Stock,ImageUrl,Popularity,Desarrollador,Price,GenreId) VALUES ('11','kjlkjzlkdjlksdsa','asd,msa.d,a','1/12/0001 12:00:00 AM','6','\images\3f72e7be-e715-4c07-913d-966cc45bbdad.jpg','0','Playstation','23.00','2');
INSERT INTO Reviews (ReviewId,Rating,Comment,VideoGameId,UserId,DateCreated) VALUES ('1','4','Muy Buen Juego,Me la pase Genial','2','7f48168c-3daf-4e1f-97b6-21509849cec4','1/1/0001 12:00:00 AM');
INSERT INTO Reviews (ReviewId,Rating,Comment,VideoGameId,UserId,DateCreated) VALUES ('2','3','Lo llevo desde la infancia conmigo','2','a261da92-75a4-4d8c-8180-853048881253','1/1/0001 12:00:00 AM');
INSERT INTO Reviews (ReviewId,Rating,Comment,VideoGameId,UserId,DateCreated) VALUES ('3','2','Buena Recomendacion','2','a261da92-75a4-4d8c-8180-853048881253','1/1/0001 12:00:00 AM');
INSERT INTO Reviews (ReviewId,Rating,Comment,VideoGameId,UserId,DateCreated) VALUES ('4','3','asd','2','a261da92-75a4-4d8c-8180-853048881253','1/1/0001 12:00:00 AM');
INSERT INTO Reviews (ReviewId,Rating,Comment,VideoGameId,UserId,DateCreated) VALUES ('5','2','Dale','2','7f48168c-3daf-4e1f-97b6-21509849cec4','1/1/0001 12:00:00 AM');
INSERT INTO Reviews (ReviewId,Rating,Comment,VideoGameId,UserId,DateCreated) VALUES ('6','3','asd','1','7f48168c-3daf-4e1f-97b6-21509849cec4','1/1/0001 12:00:00 AM');
INSERT INTO Reviews (ReviewId,Rating,Comment,VideoGameId,UserId,DateCreated) VALUES ('7','1','nop','1','7f48168c-3daf-4e1f-97b6-21509849cec4','1/1/0001 12:00:00 AM');
INSERT INTO Reviews (ReviewId,Rating,Comment,VideoGameId,UserId,DateCreated) VALUES ('8','1','nop','1','7f48168c-3daf-4e1f-97b6-21509849cec4','1/1/0001 12:00:00 AM');
INSERT INTO Reviews (ReviewId,Rating,Comment,VideoGameId,UserId,DateCreated) VALUES ('9','2','baf','1','a261da92-75a4-4d8c-8180-853048881253','1/1/0001 12:00:00 AM');
INSERT INTO Reviews (ReviewId,Rating,Comment,VideoGameId,UserId,DateCreated) VALUES ('10','2','Asco de juego','2','a261da92-75a4-4d8c-8180-853048881253','3/1/2025 3:00:33 AM');
INSERT INTO Reviews (ReviewId,Rating,Comment,VideoGameId,UserId,DateCreated) VALUES ('11','3','Hola','2','7f48168c-3daf-4e1f-97b6-21509849cec4','3/1/2025 3:32:41 AM');
INSERT INTO Reviews (ReviewId,Rating,Comment,VideoGameId,UserId,DateCreated) VALUES ('12','3','Hola','2','7f48168c-3daf-4e1f-97b6-21509849cec4','3/1/2025 3:32:51 AM');
INSERT INTO Reviews (ReviewId,Rating,Comment,VideoGameId,UserId,DateCreated) VALUES ('13','3','No esta mal','3','3a706f13-a8ed-4d13-a5d0-b224852301b2','3/1/2025 3:53:31 AM');
INSERT INTO Reviews (ReviewId,Rating,Comment,VideoGameId,UserId,DateCreated) VALUES ('14','3','No esta mal','3','3a706f13-a8ed-4d13-a5d0-b224852301b2','3/1/2025 3:54:03 AM');
INSERT INTO Reviews (ReviewId,Rating,Comment,VideoGameId,UserId,DateCreated) VALUES ('15','2','Hola','3','3a706f13-a8ed-4d13-a5d0-b224852301b2','3/1/2025 3:54:35 AM');
INSERT INTO Reviews (ReviewId,Rating,Comment,VideoGameId,UserId,DateCreated) VALUES ('19','4','I Love this game so much','4','7f48168c-3daf-4e1f-97b6-21509849cec4','3/13/2025 12:01:09 AM');
INSERT INTO Reviews (ReviewId,Rating,Comment,VideoGameId,UserId,DateCreated) VALUES ('20','5','Thank you','4','3a706f13-a8ed-4d13-a5d0-b224852301b2','3/13/2025 12:24:37 AM');
INSERT INTO Reviews (ReviewId,Rating,Comment,VideoGameId,UserId,DateCreated) VALUES ('21','3','Likee
','2','a261da92-75a4-4d8c-8180-853048881253','3/13/2025 10:22:12 PM');
INSERT INTO Reviews (ReviewId,Rating,Comment,VideoGameId,UserId,DateCreated) VALUES ('23','3','Not Bad...
','8','3a706f13-a8ed-4d13-a5d0-b224852301b2','3/19/2025 11:33:26 PM');
INSERT INTO Reviews (ReviewId,Rating,Comment,VideoGameId,UserId,DateCreated) VALUES ('26','4','Gash!','9','7f48168c-3daf-4e1f-97b6-21509849cec4','3/19/2025 11:55:13 PM');
INSERT INTO Reviews (ReviewId,Rating,Comment,VideoGameId,UserId,DateCreated) VALUES ('27','5','No pasa nada','8','7f48168c-3daf-4e1f-97b6-21509849cec4','3/19/2025 11:58:26 PM');
INSERT INTO Reviews (ReviewId,Rating,Comment,VideoGameId,UserId,DateCreated) VALUES ('28','4','ffff','8','7f48168c-3daf-4e1f-97b6-21509849cec4','3/20/2025 12:05:50 AM');
INSERT INTO Reviews (ReviewId,Rating,Comment,VideoGameId,UserId,DateCreated) VALUES ('29','3','Me encanto este juego','9','7f48168c-3daf-4e1f-97b6-21509849cec4','4/4/2025 11:20:34 AM');
INSERT INTO Reviews (ReviewId,Rating,Comment,VideoGameId,UserId,DateCreated) VALUES ('30','4','me encanta','9','a261da92-75a4-4d8c-8180-853048881253','4/19/2025 5:44:40 PM');
INSERT INTO Reviews (ReviewId,Rating,Comment,VideoGameId,UserId,DateCreated) VALUES ('31','4','me encanta','2','fbc1eb10-4c1a-444d-aae5-5359b62faa5d','4/19/2025 6:08:01 PM');
INSERT INTO Orders (OrderId,OrderDate,UserId,Accepted) VALUES ('1','3/2/2025 7:42:12 PM','3a706f13-a8ed-4d13-a5d0-b224852301b2','True');
INSERT INTO Orders (OrderId,OrderDate,UserId,Accepted) VALUES ('2','3/2/2025 8:05:58 PM','3a706f13-a8ed-4d13-a5d0-b224852301b2','True');
INSERT INTO Orders (OrderId,OrderDate,UserId,Accepted) VALUES ('3','3/2/2025 8:34:14 PM','7f48168c-3daf-4e1f-97b6-21509849cec4','True');
INSERT INTO Orders (OrderId,OrderDate,UserId,Accepted) VALUES ('4','3/2/2025 8:58:18 PM','3a706f13-a8ed-4d13-a5d0-b224852301b2','True');
INSERT INTO Orders (OrderId,OrderDate,UserId,Accepted) VALUES ('5','3/2/2025 9:08:39 PM','7f48168c-3daf-4e1f-97b6-21509849cec4','True');
INSERT INTO Orders (OrderId,OrderDate,UserId,Accepted) VALUES ('6','3/3/2025 12:08:08 AM','3a706f13-a8ed-4d13-a5d0-b224852301b2','True');
INSERT INTO Orders (OrderId,OrderDate,UserId,Accepted) VALUES ('7','3/3/2025 12:16:05 AM','a261da92-75a4-4d8c-8180-853048881253','True');
INSERT INTO Orders (OrderId,OrderDate,UserId,Accepted) VALUES ('8','3/3/2025 2:09:10 AM','3a706f13-a8ed-4d13-a5d0-b224852301b2','True');
INSERT INTO Orders (OrderId,OrderDate,UserId,Accepted) VALUES ('12','3/11/2025 12:15:29 AM','fbc1eb10-4c1a-444d-aae5-5359b62faa5d','True');
INSERT INTO Orders (OrderId,OrderDate,UserId,Accepted) VALUES ('13','3/11/2025 2:15:06 AM','7f48168c-3daf-4e1f-97b6-21509849cec4','True');
INSERT INTO Orders (OrderId,OrderDate,UserId,Accepted) VALUES ('15','3/11/2025 8:35:57 PM','fbc1eb10-4c1a-444d-aae5-5359b62faa5d','True');
INSERT INTO Orders (OrderId,OrderDate,UserId,Accepted) VALUES ('16','3/12/2025 12:58:21 AM','7f48168c-3daf-4e1f-97b6-21509849cec4','True');
INSERT INTO Orders (OrderId,OrderDate,UserId,Accepted) VALUES ('17','3/12/2025 1:02:58 AM','3a706f13-a8ed-4d13-a5d0-b224852301b2','True');
INSERT INTO Orders (OrderId,OrderDate,UserId,Accepted) VALUES ('18','3/12/2025 1:05:07 AM','3a706f13-a8ed-4d13-a5d0-b224852301b2','True');
INSERT INTO Orders (OrderId,OrderDate,UserId,Accepted) VALUES ('19','3/12/2025 1:08:40 AM','3a706f13-a8ed-4d13-a5d0-b224852301b2','True');
INSERT INTO Orders (OrderId,OrderDate,UserId,Accepted) VALUES ('20','3/12/2025 11:58:36 PM','7f48168c-3daf-4e1f-97b6-21509849cec4','True');
INSERT INTO Orders (OrderId,OrderDate,UserId,Accepted) VALUES ('21','3/13/2025 12:01:31 AM','7f48168c-3daf-4e1f-97b6-21509849cec4','True');
INSERT INTO Orders (OrderId,OrderDate,UserId,Accepted) VALUES ('22','3/13/2025 12:24:56 AM','3a706f13-a8ed-4d13-a5d0-b224852301b2','True');
INSERT INTO Orders (OrderId,OrderDate,UserId,Accepted) VALUES ('23','3/13/2025 2:51:46 AM','3a706f13-a8ed-4d13-a5d0-b224852301b2','True');
INSERT INTO Orders (OrderId,OrderDate,UserId,Accepted) VALUES ('25','3/13/2025 10:30:35 PM','fbc1eb10-4c1a-444d-aae5-5359b62faa5d','True');
INSERT INTO Orders (OrderId,OrderDate,UserId,Accepted) VALUES ('27','3/20/2025 11:35:48 PM','7f48168c-3daf-4e1f-97b6-21509849cec4','True');
INSERT INTO Orders (OrderId,OrderDate,UserId,Accepted) VALUES ('28','3/20/2025 11:41:49 PM','3a706f13-a8ed-4d13-a5d0-b224852301b2','True');
INSERT INTO Orders (OrderId,OrderDate,UserId,Accepted) VALUES ('29','3/21/2025 12:02:21 AM','fbc1eb10-4c1a-444d-aae5-5359b62faa5d','True');
INSERT INTO Orders (OrderId,OrderDate,UserId,Accepted) VALUES ('30','3/21/2025 12:05:19 AM','fbc1eb10-4c1a-444d-aae5-5359b62faa5d','True');
INSERT INTO Orders (OrderId,OrderDate,UserId,Accepted) VALUES ('31','3/21/2025 12:08:05 AM','fbc1eb10-4c1a-444d-aae5-5359b62faa5d','True');
INSERT INTO Orders (OrderId,OrderDate,UserId,Accepted) VALUES ('32','3/21/2025 12:12:06 AM','fbc1eb10-4c1a-444d-aae5-5359b62faa5d','True');
INSERT INTO Orders (OrderId,OrderDate,UserId,Accepted) VALUES ('33','3/21/2025 12:16:12 AM','3a706f13-a8ed-4d13-a5d0-b224852301b2','True');
INSERT INTO Orders (OrderId,OrderDate,UserId,Accepted) VALUES ('34','3/21/2025 12:32:22 AM','3a706f13-a8ed-4d13-a5d0-b224852301b2','True');
INSERT INTO Orders (OrderId,OrderDate,UserId,Accepted) VALUES ('35','3/21/2025 12:33:19 AM','3a706f13-a8ed-4d13-a5d0-b224852301b2','False');
INSERT INTO Orders (OrderId,OrderDate,UserId,Accepted) VALUES ('36','3/21/2025 12:34:04 AM','7f48168c-3daf-4e1f-97b6-21509849cec4','True');
INSERT INTO Orders (OrderId,OrderDate,UserId,Accepted) VALUES ('37','3/21/2025 12:34:41 AM','7f48168c-3daf-4e1f-97b6-21509849cec4','False');
INSERT INTO Orders (OrderId,OrderDate,UserId,Accepted) VALUES ('38','3/21/2025 1:25:42 AM','fbc1eb10-4c1a-444d-aae5-5359b62faa5d','True');
INSERT INTO Orders (OrderId,OrderDate,UserId,Accepted) VALUES ('39','3/21/2025 1:28:14 AM','fbc1eb10-4c1a-444d-aae5-5359b62faa5d','True');
INSERT INTO Orders (OrderId,OrderDate,UserId,Accepted) VALUES ('40','3/21/2025 1:32:25 AM','fbc1eb10-4c1a-444d-aae5-5359b62faa5d','True');
INSERT INTO Orders (OrderId,OrderDate,UserId,Accepted) VALUES ('41','3/21/2025 1:38:15 AM','fbc1eb10-4c1a-444d-aae5-5359b62faa5d','True');
INSERT INTO Orders (OrderId,OrderDate,UserId,Accepted) VALUES ('42','3/21/2025 1:41:11 AM','fbc1eb10-4c1a-444d-aae5-5359b62faa5d','True');
INSERT INTO Orders (OrderId,OrderDate,UserId,Accepted) VALUES ('43','3/21/2025 1:42:51 AM','fbc1eb10-4c1a-444d-aae5-5359b62faa5d','True');
INSERT INTO Orders (OrderId,OrderDate,UserId,Accepted) VALUES ('44','3/21/2025 1:45:18 AM','fbc1eb10-4c1a-444d-aae5-5359b62faa5d','True');
INSERT INTO Orders (OrderId,OrderDate,UserId,Accepted) VALUES ('45','3/21/2025 1:46:10 AM','fbc1eb10-4c1a-444d-aae5-5359b62faa5d','True');
INSERT INTO Orders (OrderId,OrderDate,UserId,Accepted) VALUES ('46','3/21/2025 10:41:28 AM','fbc1eb10-4c1a-444d-aae5-5359b62faa5d','True');
INSERT INTO Orders (OrderId,OrderDate,UserId,Accepted) VALUES ('47','3/21/2025 10:42:57 AM','fbc1eb10-4c1a-444d-aae5-5359b62faa5d','True');
INSERT INTO Orders (OrderId,OrderDate,UserId,Accepted) VALUES ('48','3/21/2025 10:45:28 AM','fbc1eb10-4c1a-444d-aae5-5359b62faa5d','True');
INSERT INTO Orders (OrderId,OrderDate,UserId,Accepted) VALUES ('49','3/21/2025 11:07:49 AM','7f48168c-3daf-4e1f-97b6-21509849cec4','True');
INSERT INTO Orders (OrderId,OrderDate,UserId,Accepted) VALUES ('50','3/21/2025 11:11:35 AM','7f48168c-3daf-4e1f-97b6-21509849cec4','True');
INSERT INTO Orders (OrderId,OrderDate,UserId,Accepted) VALUES ('51','3/21/2025 11:58:39 AM','3a706f13-a8ed-4d13-a5d0-b224852301b2','True');
INSERT INTO Orders (OrderId,OrderDate,UserId,Accepted) VALUES ('52','3/21/2025 11:59:58 AM','3a706f13-a8ed-4d13-a5d0-b224852301b2','True');
INSERT INTO Orders (OrderId,OrderDate,UserId,Accepted) VALUES ('53','3/21/2025 12:02:58 PM','3a706f13-a8ed-4d13-a5d0-b224852301b2','True');
INSERT INTO Orders (OrderId,OrderDate,UserId,Accepted) VALUES ('54','3/21/2025 12:05:43 PM','3a706f13-a8ed-4d13-a5d0-b224852301b2','True');
INSERT INTO Orders (OrderId,OrderDate,UserId,Accepted) VALUES ('55','3/21/2025 12:16:50 PM','7f48168c-3daf-4e1f-97b6-21509849cec4','True');
INSERT INTO Orders (OrderId,OrderDate,UserId,Accepted) VALUES ('56','3/21/2025 12:19:35 PM','7f48168c-3daf-4e1f-97b6-21509849cec4','True');
INSERT INTO Orders (OrderId,OrderDate,UserId,Accepted) VALUES ('57','3/21/2025 12:20:19 PM','7f48168c-3daf-4e1f-97b6-21509849cec4','True');
INSERT INTO Orders (OrderId,OrderDate,UserId,Accepted) VALUES ('58','3/21/2025 12:21:20 PM','7f48168c-3daf-4e1f-97b6-21509849cec4','True');
INSERT INTO Orders (OrderId,OrderDate,UserId,Accepted) VALUES ('59','3/21/2025 12:21:55 PM','7f48168c-3daf-4e1f-97b6-21509849cec4','True');
INSERT INTO Orders (OrderId,OrderDate,UserId,Accepted) VALUES ('60','3/21/2025 12:22:44 PM','7f48168c-3daf-4e1f-97b6-21509849cec4','True');
INSERT INTO Orders (OrderId,OrderDate,UserId,Accepted) VALUES ('61','3/21/2025 12:23:48 PM','7f48168c-3daf-4e1f-97b6-21509849cec4','True');
INSERT INTO Orders (OrderId,OrderDate,UserId,Accepted) VALUES ('62','3/21/2025 12:27:42 PM','7f48168c-3daf-4e1f-97b6-21509849cec4','True');
INSERT INTO Orders (OrderId,OrderDate,UserId,Accepted) VALUES ('63','3/21/2025 12:31:01 PM','7f48168c-3daf-4e1f-97b6-21509849cec4','True');
INSERT INTO Orders (OrderId,OrderDate,UserId,Accepted) VALUES ('64','3/21/2025 12:42:40 PM','3a706f13-a8ed-4d13-a5d0-b224852301b2','True');
INSERT INTO Orders (OrderId,OrderDate,UserId,Accepted) VALUES ('65','4/4/2025 11:10:24 AM','3a706f13-a8ed-4d13-a5d0-b224852301b2','True');
INSERT INTO Orders (OrderId,OrderDate,UserId,Accepted) VALUES ('66','4/4/2025 11:11:52 AM','3a706f13-a8ed-4d13-a5d0-b224852301b2','True');
INSERT INTO Orders (OrderId,OrderDate,UserId,Accepted) VALUES ('67','4/19/2025 5:41:01 PM','7f48168c-3daf-4e1f-97b6-21509849cec4','True');
INSERT INTO VideoGameOrders (OrderId,VideoGameId,VideoGameOrderId) VALUES ('1','2','1');
INSERT INTO VideoGameOrders (OrderId,VideoGameId,VideoGameOrderId) VALUES ('2','3','2');
INSERT INTO VideoGameOrders (OrderId,VideoGameId,VideoGameOrderId) VALUES ('2','4','3');
INSERT INTO VideoGameOrders (OrderId,VideoGameId,VideoGameOrderId) VALUES ('2','6','4');
INSERT INTO VideoGameOrders (OrderId,VideoGameId,VideoGameOrderId) VALUES ('3','5','5');
INSERT INTO VideoGameOrders (OrderId,VideoGameId,VideoGameOrderId) VALUES ('3','4','6');
INSERT INTO VideoGameOrders (OrderId,VideoGameId,VideoGameOrderId) VALUES ('4','4','7');
INSERT INTO VideoGameOrders (OrderId,VideoGameId,VideoGameOrderId) VALUES ('4','8','8');
INSERT INTO VideoGameOrders (OrderId,VideoGameId,VideoGameOrderId) VALUES ('5','1','9');
INSERT INTO VideoGameOrders (OrderId,VideoGameId,VideoGameOrderId) VALUES ('5','6','10');
INSERT INTO VideoGameOrders (OrderId,VideoGameId,VideoGameOrderId) VALUES ('6','2','11');
INSERT INTO VideoGameOrders (OrderId,VideoGameId,VideoGameOrderId) VALUES ('6','7','12');
INSERT INTO VideoGameOrders (OrderId,VideoGameId,VideoGameOrderId) VALUES ('7','7','13');
INSERT INTO VideoGameOrders (OrderId,VideoGameId,VideoGameOrderId) VALUES ('7','5','14');
INSERT INTO VideoGameOrders (OrderId,VideoGameId,VideoGameOrderId) VALUES ('8','8','15');
INSERT INTO VideoGameOrders (OrderId,VideoGameId,VideoGameOrderId) VALUES ('12','2','22');
INSERT INTO VideoGameOrders (OrderId,VideoGameId,VideoGameOrderId) VALUES ('12','7','23');
INSERT INTO VideoGameOrders (OrderId,VideoGameId,VideoGameOrderId) VALUES ('13','3','24');
INSERT INTO VideoGameOrders (OrderId,VideoGameId,VideoGameOrderId) VALUES ('15','1','27');
INSERT INTO VideoGameOrders (OrderId,VideoGameId,VideoGameOrderId) VALUES ('15','8','28');
INSERT INTO VideoGameOrders (OrderId,VideoGameId,VideoGameOrderId) VALUES ('16','3','29');
INSERT INTO VideoGameOrders (OrderId,VideoGameId,VideoGameOrderId) VALUES ('17','1','30');
INSERT INTO VideoGameOrders (OrderId,VideoGameId,VideoGameOrderId) VALUES ('18','2','31');
INSERT INTO VideoGameOrders (OrderId,VideoGameId,VideoGameOrderId) VALUES ('19','4','32');
INSERT INTO VideoGameOrders (OrderId,VideoGameId,VideoGameOrderId) VALUES ('20','3','33');
INSERT INTO VideoGameOrders (OrderId,VideoGameId,VideoGameOrderId) VALUES ('21','4','34');
INSERT INTO VideoGameOrders (OrderId,VideoGameId,VideoGameOrderId) VALUES ('22','5','35');
INSERT INTO VideoGameOrders (OrderId,VideoGameId,VideoGameOrderId) VALUES ('22','6','36');
INSERT INTO VideoGameOrders (OrderId,VideoGameId,VideoGameOrderId) VALUES ('22','4','37');
INSERT INTO VideoGameOrders (OrderId,VideoGameId,VideoGameOrderId) VALUES ('23','4','38');
INSERT INTO VideoGameOrders (OrderId,VideoGameId,VideoGameOrderId) VALUES ('25','4','41');
INSERT INTO VideoGameOrders (OrderId,VideoGameId,VideoGameOrderId) VALUES ('27','3','43');
INSERT INTO VideoGameOrders (OrderId,VideoGameId,VideoGameOrderId) VALUES ('27','8','44');
INSERT INTO VideoGameOrders (OrderId,VideoGameId,VideoGameOrderId) VALUES ('28','1','45');
INSERT INTO VideoGameOrders (OrderId,VideoGameId,VideoGameOrderId) VALUES ('28','2','46');
INSERT INTO VideoGameOrders (OrderId,VideoGameId,VideoGameOrderId) VALUES ('29','3','47');
INSERT INTO VideoGameOrders (OrderId,VideoGameId,VideoGameOrderId) VALUES ('30','2','48');
INSERT INTO VideoGameOrders (OrderId,VideoGameId,VideoGameOrderId) VALUES ('31','5','49');
INSERT INTO VideoGameOrders (OrderId,VideoGameId,VideoGameOrderId) VALUES ('32','6','50');
INSERT INTO VideoGameOrders (OrderId,VideoGameId,VideoGameOrderId) VALUES ('33','4','51');
INSERT INTO VideoGameOrders (OrderId,VideoGameId,VideoGameOrderId) VALUES ('34','4','52');
INSERT INTO VideoGameOrders (OrderId,VideoGameId,VideoGameOrderId) VALUES ('35','4','53');
INSERT INTO VideoGameOrders (OrderId,VideoGameId,VideoGameOrderId) VALUES ('36','2','54');
INSERT INTO VideoGameOrders (OrderId,VideoGameId,VideoGameOrderId) VALUES ('37','1','55');
INSERT INTO VideoGameOrders (OrderId,VideoGameId,VideoGameOrderId) VALUES ('38','5','56');
INSERT INTO VideoGameOrders (OrderId,VideoGameId,VideoGameOrderId) VALUES ('39','1','57');
INSERT INTO VideoGameOrders (OrderId,VideoGameId,VideoGameOrderId) VALUES ('40','4','58');
INSERT INTO VideoGameOrders (OrderId,VideoGameId,VideoGameOrderId) VALUES ('41','1','59');
INSERT INTO VideoGameOrders (OrderId,VideoGameId,VideoGameOrderId) VALUES ('42','4','60');
INSERT INTO VideoGameOrders (OrderId,VideoGameId,VideoGameOrderId) VALUES ('43','8','61');
INSERT INTO VideoGameOrders (OrderId,VideoGameId,VideoGameOrderId) VALUES ('44','2','62');
INSERT INTO VideoGameOrders (OrderId,VideoGameId,VideoGameOrderId) VALUES ('45','4','63');
INSERT INTO VideoGameOrders (OrderId,VideoGameId,VideoGameOrderId) VALUES ('46','1','64');
INSERT INTO VideoGameOrders (OrderId,VideoGameId,VideoGameOrderId) VALUES ('47','2','65');
INSERT INTO VideoGameOrders (OrderId,VideoGameId,VideoGameOrderId) VALUES ('48','4','66');
INSERT INTO VideoGameOrders (OrderId,VideoGameId,VideoGameOrderId) VALUES ('49','5','67');
INSERT INTO VideoGameOrders (OrderId,VideoGameId,VideoGameOrderId) VALUES ('50','2','68');
INSERT INTO VideoGameOrders (OrderId,VideoGameId,VideoGameOrderId) VALUES ('51','1','69');
INSERT INTO VideoGameOrders (OrderId,VideoGameId,VideoGameOrderId) VALUES ('52','2','70');
INSERT INTO VideoGameOrders (OrderId,VideoGameId,VideoGameOrderId) VALUES ('53','5','71');
INSERT INTO VideoGameOrders (OrderId,VideoGameId,VideoGameOrderId) VALUES ('54','6','72');
INSERT INTO VideoGameOrders (OrderId,VideoGameId,VideoGameOrderId) VALUES ('55','2','73');
INSERT INTO VideoGameOrders (OrderId,VideoGameId,VideoGameOrderId) VALUES ('56','6','74');
INSERT INTO VideoGameOrders (OrderId,VideoGameId,VideoGameOrderId) VALUES ('57','2','75');
INSERT INTO VideoGameOrders (OrderId,VideoGameId,VideoGameOrderId) VALUES ('58','5','76');
INSERT INTO VideoGameOrders (OrderId,VideoGameId,VideoGameOrderId) VALUES ('59','5','77');
INSERT INTO VideoGameOrders (OrderId,VideoGameId,VideoGameOrderId) VALUES ('60','8','78');
INSERT INTO VideoGameOrders (OrderId,VideoGameId,VideoGameOrderId) VALUES ('61','6','79');
INSERT INTO VideoGameOrders (OrderId,VideoGameId,VideoGameOrderId) VALUES ('62','2','80');
INSERT INTO VideoGameOrders (OrderId,VideoGameId,VideoGameOrderId) VALUES ('63','6','81');
INSERT INTO VideoGameOrders (OrderId,VideoGameId,VideoGameOrderId) VALUES ('64','6','82');
INSERT INTO VideoGameOrders (OrderId,VideoGameId,VideoGameOrderId) VALUES ('65','2','83');
INSERT INTO VideoGameOrders (OrderId,VideoGameId,VideoGameOrderId) VALUES ('66','8','84');
INSERT INTO VideoGameOrders (OrderId,VideoGameId,VideoGameOrderId) VALUES ('67','6','85');
INSERT INTO Notifications (NotificationId,Message,Date,IsRead,NotificationImageUrl,Role,OrderId) VALUES ('1','Se ha generado una nueva order','3/3/2025 12:08:08 AM','True','','Admin','0');
INSERT INTO Notifications (NotificationId,Message,Date,IsRead,NotificationImageUrl,Role,OrderId) VALUES ('8','Order accepted','3/10/2025 1:26:48 AM','True','','','0');
INSERT INTO Notifications (NotificationId,Message,Date,IsRead,NotificationImageUrl,Role,OrderId) VALUES ('25','Se ha generado una nueva order','3/11/2025 8:35:57 PM','True','','Admin','15');
INSERT INTO Notifications (NotificationId,Message,Date,IsRead,NotificationImageUrl,Role,OrderId) VALUES ('26','Order accepted','3/11/2025 8:37:19 PM','False','','','12');
INSERT INTO Notifications (NotificationId,Message,Date,IsRead,NotificationImageUrl,Role,OrderId) VALUES ('27','Se ha generado una nueva order','3/12/2025 12:58:21 AM','True','','Admin','16');
INSERT INTO Notifications (NotificationId,Message,Date,IsRead,NotificationImageUrl,Role,OrderId) VALUES ('29','Se ha generado una nueva order','3/12/2025 1:02:58 AM','True','','Admin','17');
INSERT INTO Notifications (NotificationId,Message,Date,IsRead,NotificationImageUrl,Role,OrderId) VALUES ('30','Se ha generado una nueva order','3/12/2025 1:05:07 AM','True','','Admin','18');
INSERT INTO Notifications (NotificationId,Message,Date,IsRead,NotificationImageUrl,Role,OrderId) VALUES ('31','Order accepted','3/12/2025 1:06:23 AM','True','','','18');
INSERT INTO Notifications (NotificationId,Message,Date,IsRead,NotificationImageUrl,Role,OrderId) VALUES ('32','Se ha generado una nueva order','3/12/2025 1:08:41 AM','True','','Admin','19');
INSERT INTO Notifications (NotificationId,Message,Date,IsRead,NotificationImageUrl,Role,OrderId) VALUES ('33','Order accepted','3/12/2025 1:09:33 AM','True','','','19');
INSERT INTO Notifications (NotificationId,Message,Date,IsRead,NotificationImageUrl,Role,OrderId) VALUES ('44','Order accepted','3/13/2025 10:28:12 PM','False','','','15');
INSERT INTO Notifications (NotificationId,Message,Date,IsRead,NotificationImageUrl,Role,OrderId) VALUES ('47','Order accepted','3/14/2025 10:51:30 AM','False','','','26');
INSERT INTO Notifications (NotificationId,Message,Date,IsRead,NotificationImageUrl,Role,OrderId) VALUES ('50','Order accepted','3/19/2025 11:06:46 PM','False','','','25');
INSERT INTO Notifications (NotificationId,Message,Date,IsRead,NotificationImageUrl,Role,OrderId) VALUES ('51','Se ha generado una nueva order','3/20/2025 11:35:48 PM','False','','Admin','27');
INSERT INTO Notifications (NotificationId,Message,Date,IsRead,NotificationImageUrl,Role,OrderId) VALUES ('53','Se ha generado una nueva order','3/20/2025 11:41:49 PM','False','','Admin','28');
INSERT INTO Notifications (NotificationId,Message,Date,IsRead,NotificationImageUrl,Role,OrderId) VALUES ('54','Order accepted','3/20/2025 11:42:40 PM','False','','','28');
INSERT INTO Notifications (NotificationId,Message,Date,IsRead,NotificationImageUrl,Role,OrderId) VALUES ('55','Order accepted','3/20/2025 11:46:15 PM','False','','','28');
INSERT INTO Notifications (NotificationId,Message,Date,IsRead,NotificationImageUrl,Role,OrderId) VALUES ('56','Se ha generado una nueva order','3/21/2025 12:02:21 AM','False','','Admin','29');
INSERT INTO Notifications (NotificationId,Message,Date,IsRead,NotificationImageUrl,Role,OrderId) VALUES ('57','Order accepted','3/21/2025 12:02:39 AM','False','','','29');
INSERT INTO Notifications (NotificationId,Message,Date,IsRead,NotificationImageUrl,Role,OrderId) VALUES ('58','Se ha generado una nueva order','3/21/2025 12:05:19 AM','False','','Admin','30');
INSERT INTO Notifications (NotificationId,Message,Date,IsRead,NotificationImageUrl,Role,OrderId) VALUES ('59','Order accepted','3/21/2025 12:05:42 AM','False','','','30');
INSERT INTO Notifications (NotificationId,Message,Date,IsRead,NotificationImageUrl,Role,OrderId) VALUES ('60','Se ha generado una nueva order','3/21/2025 12:08:05 AM','False','','Admin','31');
INSERT INTO Notifications (NotificationId,Message,Date,IsRead,NotificationImageUrl,Role,OrderId) VALUES ('61','Order accepted','3/21/2025 12:10:25 AM','False','','','31');
INSERT INTO Notifications (NotificationId,Message,Date,IsRead,NotificationImageUrl,Role,OrderId) VALUES ('62','Se ha generado una nueva order','3/21/2025 12:12:06 AM','False','','Admin','32');
INSERT INTO Notifications (NotificationId,Message,Date,IsRead,NotificationImageUrl,Role,OrderId) VALUES ('63','Order accepted','3/21/2025 12:12:13 AM','False','','','32');
INSERT INTO Notifications (NotificationId,Message,Date,IsRead,NotificationImageUrl,Role,OrderId) VALUES ('64','Se ha generado una nueva order','3/21/2025 12:16:12 AM','False','','Admin','33');
INSERT INTO Notifications (NotificationId,Message,Date,IsRead,NotificationImageUrl,Role,OrderId) VALUES ('65','Order accepted','3/21/2025 12:16:20 AM','False','','','33');
INSERT INTO Notifications (NotificationId,Message,Date,IsRead,NotificationImageUrl,Role,OrderId) VALUES ('66','Se ha generado una nueva order','3/21/2025 12:32:22 AM','False','','Admin','34');
INSERT INTO Notifications (NotificationId,Message,Date,IsRead,NotificationImageUrl,Role,OrderId) VALUES ('67','Se ha generado una nueva order','3/21/2025 12:33:19 AM','False','','Admin','35');
INSERT INTO Notifications (NotificationId,Message,Date,IsRead,NotificationImageUrl,Role,OrderId) VALUES ('68','Se ha generado una nueva order','3/21/2025 12:34:04 AM','False','','Admin','36');
INSERT INTO Notifications (NotificationId,Message,Date,IsRead,NotificationImageUrl,Role,OrderId) VALUES ('70','Se ha generado una nueva order','3/21/2025 12:34:41 AM','False','','Admin','37');
INSERT INTO Notifications (NotificationId,Message,Date,IsRead,NotificationImageUrl,Role,OrderId) VALUES ('71','Se ha generado una nueva order','3/21/2025 1:25:43 AM','False','','Admin','38');
INSERT INTO Notifications (NotificationId,Message,Date,IsRead,NotificationImageUrl,Role,OrderId) VALUES ('72','Order accepted','3/21/2025 1:26:03 AM','False','','','38');
INSERT INTO Notifications (NotificationId,Message,Date,IsRead,NotificationImageUrl,Role,OrderId) VALUES ('73','Se ha generado una nueva order','3/21/2025 1:28:14 AM','False','','Admin','39');
INSERT INTO Notifications (NotificationId,Message,Date,IsRead,NotificationImageUrl,Role,OrderId) VALUES ('74','Order accepted','3/21/2025 1:28:21 AM','False','','','39');
INSERT INTO Notifications (NotificationId,Message,Date,IsRead,NotificationImageUrl,Role,OrderId) VALUES ('75','Se ha generado una nueva order','3/21/2025 1:32:25 AM','False','','Admin','40');
INSERT INTO Notifications (NotificationId,Message,Date,IsRead,NotificationImageUrl,Role,OrderId) VALUES ('76','Order accepted','3/21/2025 1:32:42 AM','False','','','40');
INSERT INTO Notifications (NotificationId,Message,Date,IsRead,NotificationImageUrl,Role,OrderId) VALUES ('77','Se ha generado una nueva order','3/21/2025 1:38:15 AM','False','','Admin','41');
INSERT INTO Notifications (NotificationId,Message,Date,IsRead,NotificationImageUrl,Role,OrderId) VALUES ('78','Order accepted','3/21/2025 1:38:30 AM','False','','','41');
INSERT INTO Notifications (NotificationId,Message,Date,IsRead,NotificationImageUrl,Role,OrderId) VALUES ('79','Se ha generado una nueva order','3/21/2025 1:41:11 AM','False','','Admin','42');
INSERT INTO Notifications (NotificationId,Message,Date,IsRead,NotificationImageUrl,Role,OrderId) VALUES ('80','Order accepted','3/21/2025 1:41:21 AM','False','','','42');
INSERT INTO Notifications (NotificationId,Message,Date,IsRead,NotificationImageUrl,Role,OrderId) VALUES ('81','Se ha generado una nueva order','3/21/2025 1:42:51 AM','False','','Admin','43');
INSERT INTO Notifications (NotificationId,Message,Date,IsRead,NotificationImageUrl,Role,OrderId) VALUES ('82','Order accepted','3/21/2025 1:43:00 AM','False','','','43');
INSERT INTO Notifications (NotificationId,Message,Date,IsRead,NotificationImageUrl,Role,OrderId) VALUES ('83','Se ha generado una nueva order','3/21/2025 1:45:18 AM','False','','Admin','44');
INSERT INTO Notifications (NotificationId,Message,Date,IsRead,NotificationImageUrl,Role,OrderId) VALUES ('84','Order accepted','3/21/2025 1:45:23 AM','False','','','44');
INSERT INTO Notifications (NotificationId,Message,Date,IsRead,NotificationImageUrl,Role,OrderId) VALUES ('85','Se ha generado una nueva order','3/21/2025 1:46:10 AM','False','','Admin','45');
INSERT INTO Notifications (NotificationId,Message,Date,IsRead,NotificationImageUrl,Role,OrderId) VALUES ('86','Order accepted','3/21/2025 1:46:15 AM','False','','','45');
INSERT INTO Notifications (NotificationId,Message,Date,IsRead,NotificationImageUrl,Role,OrderId) VALUES ('87','Se ha generado una nueva order','3/21/2025 10:41:28 AM','False','','Admin','46');
INSERT INTO Notifications (NotificationId,Message,Date,IsRead,NotificationImageUrl,Role,OrderId) VALUES ('88','Order accepted','3/21/2025 10:41:37 AM','False','','','46');
INSERT INTO Notifications (NotificationId,Message,Date,IsRead,NotificationImageUrl,Role,OrderId) VALUES ('89','Se ha generado una nueva order','3/21/2025 10:42:57 AM','False','','Admin','47');
INSERT INTO Notifications (NotificationId,Message,Date,IsRead,NotificationImageUrl,Role,OrderId) VALUES ('90','Order accepted','3/21/2025 10:43:14 AM','False','','','47');
INSERT INTO Notifications (NotificationId,Message,Date,IsRead,NotificationImageUrl,Role,OrderId) VALUES ('91','Se ha generado una nueva order','3/21/2025 10:45:28 AM','False','','Admin','48');
INSERT INTO Notifications (NotificationId,Message,Date,IsRead,NotificationImageUrl,Role,OrderId) VALUES ('92','Order accepted','3/21/2025 10:45:42 AM','False','','','48');
INSERT INTO Notifications (NotificationId,Message,Date,IsRead,NotificationImageUrl,Role,OrderId) VALUES ('93','Se ha generado una nueva order','3/21/2025 11:07:49 AM','False','','Admin','49');
INSERT INTO Notifications (NotificationId,Message,Date,IsRead,NotificationImageUrl,Role,OrderId) VALUES ('94','Order accepted','3/21/2025 11:07:59 AM','False','','','49');
INSERT INTO Notifications (NotificationId,Message,Date,IsRead,NotificationImageUrl,Role,OrderId) VALUES ('95','Se ha generado una nueva order','3/21/2025 11:11:35 AM','False','','Admin','50');
INSERT INTO Notifications (NotificationId,Message,Date,IsRead,NotificationImageUrl,Role,OrderId) VALUES ('96','Order accepted','3/21/2025 11:11:46 AM','False','','','50');
INSERT INTO Notifications (NotificationId,Message,Date,IsRead,NotificationImageUrl,Role,OrderId) VALUES ('97','Se ha generado una nueva order','3/21/2025 11:58:39 AM','False','','Admin','51');
INSERT INTO Notifications (NotificationId,Message,Date,IsRead,NotificationImageUrl,Role,OrderId) VALUES ('98','Order accepted','3/21/2025 11:59:05 AM','False','','','51');
INSERT INTO Notifications (NotificationId,Message,Date,IsRead,NotificationImageUrl,Role,OrderId) VALUES ('99','Se ha generado una nueva order','3/21/2025 11:59:58 AM','False','','Admin','52');
INSERT INTO Notifications (NotificationId,Message,Date,IsRead,NotificationImageUrl,Role,OrderId) VALUES ('100','Order accepted','3/21/2025 12:00:04 PM','False','','','52');
INSERT INTO Notifications (NotificationId,Message,Date,IsRead,NotificationImageUrl,Role,OrderId) VALUES ('101','Se ha generado una nueva order','3/21/2025 12:02:59 PM','False','','Admin','53');
INSERT INTO Notifications (NotificationId,Message,Date,IsRead,NotificationImageUrl,Role,OrderId) VALUES ('102','Order accepted','3/21/2025 12:03:11 PM','False','','','53');
INSERT INTO Notifications (NotificationId,Message,Date,IsRead,NotificationImageUrl,Role,OrderId) VALUES ('103','Se ha generado una nueva order','3/21/2025 12:05:43 PM','False','','Admin','54');
INSERT INTO Notifications (NotificationId,Message,Date,IsRead,NotificationImageUrl,Role,OrderId) VALUES ('105','Se ha generado una nueva order','3/21/2025 12:16:50 PM','False','','Admin','55');
INSERT INTO Notifications (NotificationId,Message,Date,IsRead,NotificationImageUrl,Role,OrderId) VALUES ('106','Order accepted','3/21/2025 12:18:36 PM','False','','','55');
INSERT INTO Notifications (NotificationId,Message,Date,IsRead,NotificationImageUrl,Role,OrderId) VALUES ('107','Se ha generado una nueva order','3/21/2025 12:19:35 PM','False','','Admin','56');
INSERT INTO Notifications (NotificationId,Message,Date,IsRead,NotificationImageUrl,Role,OrderId) VALUES ('109','Se ha generado una nueva order','3/21/2025 12:20:19 PM','False','','Admin','57');
INSERT INTO Notifications (NotificationId,Message,Date,IsRead,NotificationImageUrl,Role,OrderId) VALUES ('110','Order accepted','3/21/2025 12:20:31 PM','False','','','57');
INSERT INTO Notifications (NotificationId,Message,Date,IsRead,NotificationImageUrl,Role,OrderId) VALUES ('111','Se ha generado una nueva order','3/21/2025 12:21:20 PM','False','','Admin','58');
INSERT INTO Notifications (NotificationId,Message,Date,IsRead,NotificationImageUrl,Role,OrderId) VALUES ('112','Order accepted','3/21/2025 12:21:28 PM','False','','','58');
INSERT INTO Notifications (NotificationId,Message,Date,IsRead,NotificationImageUrl,Role,OrderId) VALUES ('113','Se ha generado una nueva order','3/21/2025 12:21:55 PM','False','','Admin','59');
INSERT INTO Notifications (NotificationId,Message,Date,IsRead,NotificationImageUrl,Role,OrderId) VALUES ('114','Order accepted','3/21/2025 12:22:02 PM','False','','','59');
INSERT INTO Notifications (NotificationId,Message,Date,IsRead,NotificationImageUrl,Role,OrderId) VALUES ('115','Se ha generado una nueva order','3/21/2025 12:22:44 PM','False','','Admin','60');
INSERT INTO Notifications (NotificationId,Message,Date,IsRead,NotificationImageUrl,Role,OrderId) VALUES ('116','Order accepted','3/21/2025 12:23:02 PM','False','','','60');
INSERT INTO Notifications (NotificationId,Message,Date,IsRead,NotificationImageUrl,Role,OrderId) VALUES ('117','Se ha generado una nueva order','3/21/2025 12:23:48 PM','False','','Admin','61');
INSERT INTO Notifications (NotificationId,Message,Date,IsRead,NotificationImageUrl,Role,OrderId) VALUES ('118','Order accepted','3/21/2025 12:24:03 PM','False','','','61');
INSERT INTO Notifications (NotificationId,Message,Date,IsRead,NotificationImageUrl,Role,OrderId) VALUES ('119','Se ha generado una nueva order','3/21/2025 12:27:42 PM','False','','Admin','62');
INSERT INTO Notifications (NotificationId,Message,Date,IsRead,NotificationImageUrl,Role,OrderId) VALUES ('120','Order accepted','3/21/2025 12:28:05 PM','False','','','62');
INSERT INTO Notifications (NotificationId,Message,Date,IsRead,NotificationImageUrl,Role,OrderId) VALUES ('121','Se ha generado una nueva order','3/21/2025 12:31:01 PM','False','','Admin','63');
INSERT INTO Notifications (NotificationId,Message,Date,IsRead,NotificationImageUrl,Role,OrderId) VALUES ('126','Order accepted','4/4/2025 11:11:21 AM','False','','','65');
INSERT INTO Notifications (NotificationId,Message,Date,IsRead,NotificationImageUrl,Role,OrderId) VALUES ('128','Order accepted','4/4/2025 11:12:08 AM','False','','','66');
INSERT INTO Notifications (NotificationId,Message,Date,IsRead,NotificationImageUrl,Role,OrderId) VALUES ('130','Order accepted','4/19/2025 5:42:41 PM','False','','','67');
INSERT INTO Notifications (NotificationId,Message,Date,IsRead,NotificationImageUrl,Role,OrderId) VALUES ('131','Order accepted','4/19/2025 6:09:03 PM','False','','','34');
INSERT INTO UserNotifications (UserNotificationId,UserId,NotificationId) VALUES ('1','a261da92-75a4-4d8c-8180-853048881253','1');
INSERT INTO UserNotifications (UserNotificationId,UserId,NotificationId) VALUES ('8','3a706f13-a8ed-4d13-a5d0-b224852301b2','8');
INSERT INTO UserNotifications (UserNotificationId,UserId,NotificationId) VALUES ('25','a261da92-75a4-4d8c-8180-853048881253','25');
INSERT INTO UserNotifications (UserNotificationId,UserId,NotificationId) VALUES ('26','fbc1eb10-4c1a-444d-aae5-5359b62faa5d','26');
INSERT INTO UserNotifications (UserNotificationId,UserId,NotificationId) VALUES ('27','a261da92-75a4-4d8c-8180-853048881253','27');
INSERT INTO UserNotifications (UserNotificationId,UserId,NotificationId) VALUES ('29','a261da92-75a4-4d8c-8180-853048881253','29');
INSERT INTO UserNotifications (UserNotificationId,UserId,NotificationId) VALUES ('30','a261da92-75a4-4d8c-8180-853048881253','30');
INSERT INTO UserNotifications (UserNotificationId,UserId,NotificationId) VALUES ('31','3a706f13-a8ed-4d13-a5d0-b224852301b2','31');
INSERT INTO UserNotifications (UserNotificationId,UserId,NotificationId) VALUES ('32','a261da92-75a4-4d8c-8180-853048881253','32');
INSERT INTO UserNotifications (UserNotificationId,UserId,NotificationId) VALUES ('33','3a706f13-a8ed-4d13-a5d0-b224852301b2','33');
INSERT INTO UserNotifications (UserNotificationId,UserId,NotificationId) VALUES ('44','fbc1eb10-4c1a-444d-aae5-5359b62faa5d','44');
INSERT INTO UserNotifications (UserNotificationId,UserId,NotificationId) VALUES ('51','fbc1eb10-4c1a-444d-aae5-5359b62faa5d','50');
INSERT INTO UserNotifications (UserNotificationId,UserId,NotificationId) VALUES ('52','a261da92-75a4-4d8c-8180-853048881253','51');
INSERT INTO UserNotifications (UserNotificationId,UserId,NotificationId) VALUES ('54','a261da92-75a4-4d8c-8180-853048881253','53');
INSERT INTO UserNotifications (UserNotificationId,UserId,NotificationId) VALUES ('55','3a706f13-a8ed-4d13-a5d0-b224852301b2','54');
INSERT INTO UserNotifications (UserNotificationId,UserId,NotificationId) VALUES ('56','3a706f13-a8ed-4d13-a5d0-b224852301b2','55');
INSERT INTO UserNotifications (UserNotificationId,UserId,NotificationId) VALUES ('57','a261da92-75a4-4d8c-8180-853048881253','56');
INSERT INTO UserNotifications (UserNotificationId,UserId,NotificationId) VALUES ('58','fbc1eb10-4c1a-444d-aae5-5359b62faa5d','57');
INSERT INTO UserNotifications (UserNotificationId,UserId,NotificationId) VALUES ('59','a261da92-75a4-4d8c-8180-853048881253','58');
INSERT INTO UserNotifications (UserNotificationId,UserId,NotificationId) VALUES ('60','fbc1eb10-4c1a-444d-aae5-5359b62faa5d','59');
INSERT INTO UserNotifications (UserNotificationId,UserId,NotificationId) VALUES ('61','a261da92-75a4-4d8c-8180-853048881253','60');
INSERT INTO UserNotifications (UserNotificationId,UserId,NotificationId) VALUES ('62','fbc1eb10-4c1a-444d-aae5-5359b62faa5d','61');
INSERT INTO UserNotifications (UserNotificationId,UserId,NotificationId) VALUES ('63','a261da92-75a4-4d8c-8180-853048881253','62');
INSERT INTO UserNotifications (UserNotificationId,UserId,NotificationId) VALUES ('64','fbc1eb10-4c1a-444d-aae5-5359b62faa5d','63');
INSERT INTO UserNotifications (UserNotificationId,UserId,NotificationId) VALUES ('65','a261da92-75a4-4d8c-8180-853048881253','64');
INSERT INTO UserNotifications (UserNotificationId,UserId,NotificationId) VALUES ('66','3a706f13-a8ed-4d13-a5d0-b224852301b2','65');
INSERT INTO UserNotifications (UserNotificationId,UserId,NotificationId) VALUES ('67','a261da92-75a4-4d8c-8180-853048881253','66');
INSERT INTO UserNotifications (UserNotificationId,UserId,NotificationId) VALUES ('68','a261da92-75a4-4d8c-8180-853048881253','67');
INSERT INTO UserNotifications (UserNotificationId,UserId,NotificationId) VALUES ('69','a261da92-75a4-4d8c-8180-853048881253','68');
INSERT INTO UserNotifications (UserNotificationId,UserId,NotificationId) VALUES ('71','a261da92-75a4-4d8c-8180-853048881253','70');
INSERT INTO UserNotifications (UserNotificationId,UserId,NotificationId) VALUES ('72','a261da92-75a4-4d8c-8180-853048881253','71');
INSERT INTO UserNotifications (UserNotificationId,UserId,NotificationId) VALUES ('73','fbc1eb10-4c1a-444d-aae5-5359b62faa5d','72');
INSERT INTO UserNotifications (UserNotificationId,UserId,NotificationId) VALUES ('74','a261da92-75a4-4d8c-8180-853048881253','73');
INSERT INTO UserNotifications (UserNotificationId,UserId,NotificationId) VALUES ('75','fbc1eb10-4c1a-444d-aae5-5359b62faa5d','74');
INSERT INTO UserNotifications (UserNotificationId,UserId,NotificationId) VALUES ('76','a261da92-75a4-4d8c-8180-853048881253','75');
INSERT INTO UserNotifications (UserNotificationId,UserId,NotificationId) VALUES ('77','fbc1eb10-4c1a-444d-aae5-5359b62faa5d','76');
INSERT INTO UserNotifications (UserNotificationId,UserId,NotificationId) VALUES ('78','a261da92-75a4-4d8c-8180-853048881253','77');
INSERT INTO UserNotifications (UserNotificationId,UserId,NotificationId) VALUES ('79','fbc1eb10-4c1a-444d-aae5-5359b62faa5d','78');
INSERT INTO UserNotifications (UserNotificationId,UserId,NotificationId) VALUES ('80','a261da92-75a4-4d8c-8180-853048881253','79');
INSERT INTO UserNotifications (UserNotificationId,UserId,NotificationId) VALUES ('81','fbc1eb10-4c1a-444d-aae5-5359b62faa5d','80');
INSERT INTO UserNotifications (UserNotificationId,UserId,NotificationId) VALUES ('82','a261da92-75a4-4d8c-8180-853048881253','81');
INSERT INTO UserNotifications (UserNotificationId,UserId,NotificationId) VALUES ('83','fbc1eb10-4c1a-444d-aae5-5359b62faa5d','82');
INSERT INTO UserNotifications (UserNotificationId,UserId,NotificationId) VALUES ('84','a261da92-75a4-4d8c-8180-853048881253','83');
INSERT INTO UserNotifications (UserNotificationId,UserId,NotificationId) VALUES ('85','fbc1eb10-4c1a-444d-aae5-5359b62faa5d','84');
INSERT INTO UserNotifications (UserNotificationId,UserId,NotificationId) VALUES ('86','a261da92-75a4-4d8c-8180-853048881253','85');
INSERT INTO UserNotifications (UserNotificationId,UserId,NotificationId) VALUES ('87','fbc1eb10-4c1a-444d-aae5-5359b62faa5d','86');
INSERT INTO UserNotifications (UserNotificationId,UserId,NotificationId) VALUES ('88','a261da92-75a4-4d8c-8180-853048881253','87');
INSERT INTO UserNotifications (UserNotificationId,UserId,NotificationId) VALUES ('89','fbc1eb10-4c1a-444d-aae5-5359b62faa5d','88');
INSERT INTO UserNotifications (UserNotificationId,UserId,NotificationId) VALUES ('90','a261da92-75a4-4d8c-8180-853048881253','89');
INSERT INTO UserNotifications (UserNotificationId,UserId,NotificationId) VALUES ('91','fbc1eb10-4c1a-444d-aae5-5359b62faa5d','90');
INSERT INTO UserNotifications (UserNotificationId,UserId,NotificationId) VALUES ('92','a261da92-75a4-4d8c-8180-853048881253','91');
INSERT INTO UserNotifications (UserNotificationId,UserId,NotificationId) VALUES ('93','fbc1eb10-4c1a-444d-aae5-5359b62faa5d','92');
INSERT INTO UserNotifications (UserNotificationId,UserId,NotificationId) VALUES ('94','a261da92-75a4-4d8c-8180-853048881253','93');
INSERT INTO UserNotifications (UserNotificationId,UserId,NotificationId) VALUES ('95','7f48168c-3daf-4e1f-97b6-21509849cec4','94');
INSERT INTO UserNotifications (UserNotificationId,UserId,NotificationId) VALUES ('96','a261da92-75a4-4d8c-8180-853048881253','95');
INSERT INTO UserNotifications (UserNotificationId,UserId,NotificationId) VALUES ('97','7f48168c-3daf-4e1f-97b6-21509849cec4','96');
INSERT INTO UserNotifications (UserNotificationId,UserId,NotificationId) VALUES ('98','a261da92-75a4-4d8c-8180-853048881253','97');
INSERT INTO UserNotifications (UserNotificationId,UserId,NotificationId) VALUES ('99','3a706f13-a8ed-4d13-a5d0-b224852301b2','98');
INSERT INTO UserNotifications (UserNotificationId,UserId,NotificationId) VALUES ('100','a261da92-75a4-4d8c-8180-853048881253','99');
INSERT INTO UserNotifications (UserNotificationId,UserId,NotificationId) VALUES ('101','3a706f13-a8ed-4d13-a5d0-b224852301b2','100');
INSERT INTO UserNotifications (UserNotificationId,UserId,NotificationId) VALUES ('102','a261da92-75a4-4d8c-8180-853048881253','101');
INSERT INTO UserNotifications (UserNotificationId,UserId,NotificationId) VALUES ('103','3a706f13-a8ed-4d13-a5d0-b224852301b2','102');
INSERT INTO UserNotifications (UserNotificationId,UserId,NotificationId) VALUES ('104','a261da92-75a4-4d8c-8180-853048881253','103');
INSERT INTO UserNotifications (UserNotificationId,UserId,NotificationId) VALUES ('106','a261da92-75a4-4d8c-8180-853048881253','105');
INSERT INTO UserNotifications (UserNotificationId,UserId,NotificationId) VALUES ('107','7f48168c-3daf-4e1f-97b6-21509849cec4','106');
INSERT INTO UserNotifications (UserNotificationId,UserId,NotificationId) VALUES ('108','a261da92-75a4-4d8c-8180-853048881253','107');
INSERT INTO UserNotifications (UserNotificationId,UserId,NotificationId) VALUES ('110','a261da92-75a4-4d8c-8180-853048881253','109');
INSERT INTO UserNotifications (UserNotificationId,UserId,NotificationId) VALUES ('111','7f48168c-3daf-4e1f-97b6-21509849cec4','110');
INSERT INTO UserNotifications (UserNotificationId,UserId,NotificationId) VALUES ('112','a261da92-75a4-4d8c-8180-853048881253','111');
INSERT INTO UserNotifications (UserNotificationId,UserId,NotificationId) VALUES ('113','7f48168c-3daf-4e1f-97b6-21509849cec4','112');
INSERT INTO UserNotifications (UserNotificationId,UserId,NotificationId) VALUES ('114','a261da92-75a4-4d8c-8180-853048881253','113');
INSERT INTO UserNotifications (UserNotificationId,UserId,NotificationId) VALUES ('115','7f48168c-3daf-4e1f-97b6-21509849cec4','114');
INSERT INTO UserNotifications (UserNotificationId,UserId,NotificationId) VALUES ('116','a261da92-75a4-4d8c-8180-853048881253','115');
INSERT INTO UserNotifications (UserNotificationId,UserId,NotificationId) VALUES ('117','7f48168c-3daf-4e1f-97b6-21509849cec4','116');
INSERT INTO UserNotifications (UserNotificationId,UserId,NotificationId) VALUES ('118','a261da92-75a4-4d8c-8180-853048881253','117');
INSERT INTO UserNotifications (UserNotificationId,UserId,NotificationId) VALUES ('119','7f48168c-3daf-4e1f-97b6-21509849cec4','118');
INSERT INTO UserNotifications (UserNotificationId,UserId,NotificationId) VALUES ('120','a261da92-75a4-4d8c-8180-853048881253','119');
INSERT INTO UserNotifications (UserNotificationId,UserId,NotificationId) VALUES ('121','7f48168c-3daf-4e1f-97b6-21509849cec4','120');
INSERT INTO UserNotifications (UserNotificationId,UserId,NotificationId) VALUES ('122','a261da92-75a4-4d8c-8180-853048881253','121');
INSERT INTO UserNotifications (UserNotificationId,UserId,NotificationId) VALUES ('127','3a706f13-a8ed-4d13-a5d0-b224852301b2','126');
INSERT INTO UserNotifications (UserNotificationId,UserId,NotificationId) VALUES ('129','3a706f13-a8ed-4d13-a5d0-b224852301b2','128');
INSERT INTO UserNotifications (UserNotificationId,UserId,NotificationId) VALUES ('131','7f48168c-3daf-4e1f-97b6-21509849cec4','130');
INSERT INTO UserNotifications (UserNotificationId,UserId,NotificationId) VALUES ('132','3a706f13-a8ed-4d13-a5d0-b224852301b2','131');
